Protein1,Residue1,Protein2,Residue2
MBD3,23,MTA1,41
MBD3,46,HDAC1,89
MBD3,46,HDAC1,89
MBD3,109,MTA1,208
MBD3,109,MTA1,208
MBD3,238,GATAD2B,157
MBD3,238,GATAD2B,147
MBD3,68,HDAC1,89
MBD3,90,MTA1,302
MBD3,90,MBD3,237
MBD3,92,GATAD2B,193
MBD3,141,MBD3,157
MBD3,157,GATAD2B,147
MBD3,157,MBD3,141
MBD3,227,GATAD2B,97
MBD3,237,GATAD2B,147
MBD3,237,MBD3,90
MBD3,46,MTA1,208
MBD3,46,MTA1,302
MBD3,46,HDAC1,74
MBD3,46,HDAC1,74
GATAD2B,15,GATAD2B,30
GATAD2B,30,GATAD2B,33
GATAD2B,30,GATAD2B,97
GATAD2B,97,GATAD2B,33
GATAD2B,97,MTA1,208
GATAD2B,281,MTA1,302
GATAD2B,97,HDAC1,89
GATAD2B,281,HDAC1,89
MTA1,98,MTA1,431
MTA1,138,MTA1,431
MTA1,138,HDAC1,361
MTA1,208,MTA1,267
MTA1,208,MTA1,267
MTA1,477,MTA1,527
MTA1,509,MTA1,527
MTA1,527,MTA1,532
MTA1,683,RBBP4,317
MTA1,683,RBBP4,361
MTA1,88,HDAC1,343
MTA1,158,MTA1,577
MTA1,172,MTA1,539
MTA1,193,HDAC1,66
MTA1,193,HDAC1,126
MTA1,267,MTA1,208
MTA1,302,MTA1,597
MTA1,525,MTA1,477
MTA1,539,MTA1,577
MTA1,539,MTA1,597
MTA1,577,RBBP4,361
MTA1,663,MTA1,670
MTA1,190,HDAC1,66
MTA1,32,MTA1,343
MTA1,32,MTA1,597
MTA1,164,HDAC1,220
MTA1,164,MTA1,61
MTA1,208,HDAC1,50
MTA1,302,MBD3,46
MTA1,302,MBD3,46
MTA1,305,MTA1,340
MTA1,340,MTA1,305
MTA1,340,MTA1,331
MTA1,343,MTA1,32
MTA1,104,MTA1,61
MTA1,172,HDAC1,89
MTA1,172,MBD3,46
MTA1,172,MBD3,46
MTA1,172,RBBP4,351
MTA1,597,MTA1,32
MTA1,597,HDAC1,89
MTA1,26,MTA1,343
MTA1,50,MTA1,164
MTA1,50,MTA1,104
