Protein 1,Residue 1,Protein 2,Residue 2,"Those in Red indicate that though Proteome Discoverer did not call for the exact site, the sequence is indentical in that particular paralog, as discussed on the NuRD Member Sites sheet"
MBD2,167,MTA2,41,
MBD2,190,HDAC1,89,
MBD3,46,HDAC1,89,
MBD2,190,HDAC2,90,
MBD3,46,HDAC2,90,
MBD3,46,MTA2,152,
MBD2,253,MTA1,208,
MBD3,109,MTA1,208,
MBD2,382,GATAD2B,157,
MBD2,382,GATAD2B,147,
MBD3,68,HDAC1,89,
MBD3,68,HDAC2,90,
MBD3,90,MTA2,282,
MBD3,90,MBD3,237,
MBD3,92,GATAD2B,193,
MBD3,141,MBD3,157,
MBD3,157,GATAD2B,147,
MBD3,157,MBD3,141,
MBD3,227,GATAD2B,97,
MBD3,237,GATAD2B,147,
MBD3,237,MBD3,90,
MBD3,46,MTA1,208,
MBD2,190,MTA1,208,
MBD3,46,MTA2,282,
MBD2,190,MTA2,282,
MBD3,46,HDAC1,74,
MBD2,190,HDAC1,74,
GATAD2A,204,GATAD2A,233,
GATAD2A,204,MTA1,302,
GATAD2A,233,GATAD2A,204,
GATAD2B,15,GATAD2B,30,
GATAD2B,30,GATAD2B,33,
GATAD2B,30,GATAD2B,97,
GATAD2B,97,GATAD2B,33,
GATAD2B,97,MTA1,208,
GATAD2B,281,MTA1,302,
GATAD2B,97,HDAC1,89,
GATAD2B,97,HDAC2,90,
GATAD2B,281,HDAC1,89,
GATAD2B,281,HDAC2,90,
MTA1,98,MTA1,431,
MTA1,138,MTA1,431,
MTA1,138,HDAC1,361,
MTA1,138,HDAC2,362,
MTA1,208,MTA1,267,
MTA1,208,MTA2,247,
MTA1,477,MTA1,527,
MTA1,509,MTA1,527,
MTA1,527,MTA1,532,
MTA1,683,RBBP4,317,
MTA1,683,RBBP7,360,
MTA2,71,HDAC1,343,
MTA2,138,MTA2,539,
MTA2,152,MTA2,522,
MTA2,173,HDAC1,66,
MTA2,173,HDAC1,126,
MTA2,173,HDAC2,67,
MTA2,247,MTA1,208,
MTA2,282,MTA2,559,
MTA2,508,MTA2,460,
MTA2,522,MTA2,539,
MTA2,522,MTA2,559,
MTA2,539,RBBP7,360,
MTA2,611,MTA2,618,
MTA3,173,HDAC1,66,
MTA1,32,MTA1,343,
MTA1,32,MTA3,326,
MTA2,32,MTA3,326,
MTA2,32,MTA1,343,
MTA1,32,MTA2,559,
MTA2,32,MTA2,559,
MTA1,164,HDAC1,220,
MTA3,147,HDAC1,220,
MTA1,164,MTA3,61,
MTA3,147,MTA3,61,
MTA1,208,HDAC1,50,
MTA1,208,HDAC2,51,
MTA1,302,MBD3,46,
MTA1,302,MBD2,190,
MTA1,305,MTA1,340,
MTA1,305,MTA3,323,
MTA3,314,MTA1,340,
MTA1,331,MTA3,323,
MTA3,314,MTA3,323,
MTA1,340,MTA1,305,
MTA3,323,MTA1,305,
MTA1,340,MTA1,331,
MTA3,323,MTA1,331,
MTA1,340,MTA3,314,
MTA3,323,MTA3,314,
MTA1,343,MTA1,32,
MTA3,323,MTA1,32,
MTA2,84,MTA3,61,
MTA3,87,MTA3,61,
MTA2,152,HDAC1,89,
MTA2,152,HDAC2,90,
MTA2,152,MBD2,190,
MTA2,152,MBD3,46,
MTA2,152,RBBP7,350,
MTA2,152,RBBP,307,
MTA2,539,HDAC2,90,
MTA2,539,HDAC1,89,
MTA2,559,MTA1,32,
MTA2,559,MTA2,32,
MTA2,559,HDAC1,89,
MTA2,559,HDAC2,90,
MTA3,26,MTA1,343,
MTA3,26,MTA3,326,
MTA3,50,MTA1,164,
MTA3,50,MTA3,147,
MTA3,50,MTA2,84,
MTA3,50,MTA3,87,
CHD3 ,1116,CHD3,1126,
CHD3 ,1132,CHD3,1154,
CHD3 ,1258,CHD3,1346,
CHD3 ,1644,CHD3,1651,
CHD4,601,CHD4,1092,
CHD4,618,CHD4,1016,
CHD4,1063,CHD4,1092,
CHD4,1396,CHD4,1454,
CHD4,1398,CHD4,1454,
CHD4,1454,CHD4,1398,
CHD3 ,1836,CHD4,1773,
CHD3 ,1836,CHD3,1791,
CHD4,1773,CHD4,1787,
CHD3 ,1791,CHD4,1787,
CHD4,1773,CHD3,1836,
CHD3 ,1791,CHD3,1836,
CHD4,1780,CHD4,1773,
CHD3 ,1791,CHD4,1773,
CHD4,1787,CHD4,1780,