Protein 1,Residue 1,Protein 2,Residue 2
ARID4A,1169,ARID4A,1192
SUDS3,97,SUDS3,101
SUDS3,198,SIN3A,723
SUDS3,198,SIN3A,715
SUDS3,198,SUDS3,198
SUDS3,198,SUDS3,201
SUDS3,271,SUDS3,307
BRMS1,240,SIN3A,650
BRMS1L,118,SIN3A,937
BRMS1L,229,SIN3A,676
SAP30,87,SAP30,104
SAP30,116,SIN3A,747
SAP30,166,SIN3A,747
SAP30L,78,SIN3A,747
SIN3A,510,SIN3A,742
SIN3A,563,SIN3A,552
SIN3A,563,SIN3A,578
SIN3A,569,HDAC1,74
SIN3A,569,SIN3A,578
SIN3A,650,SIN3A,686
SIN3A,667,SIN3A,676
SIN3A,676,HDAC1,229
SIN3A,676,SIN3A,7
SIN3A,676,SIN3A,702
SIN3A,676,SIN3A,723
SIN3A,676,SIN3A,697
SIN3A,676,SIN3A,686
SIN3A,676,SIN3A,702
SIN3A,686,SIN3A,697
SIN3A,697,SIN3A,650
SIN3A,700,SIN3A,697
SIN3A,715,SIN3A,723
SIN3A,723,SIN3A,700
SIN3A,742,SIN3A,747
SIN3A,747,SIN3A,33
SIN3A,747,SIN3A,1122
SIN3A,799,SIN3A,13957
SIN3A,799,SIN3A,813
SIN3A,806,SIN3A,813
SIN3A,934,SIN3A,937
SIN3A,937,SIN3A,118
SIN3A,937,SIN3A,934
SIN3A,937,SIN3A,948
SIN3A,948,SIN3A,934
SIN3B,395,HDAC1,220
SIN3B,395,SIN3A,563
SIN3A,676,HDAC2,90
SIN3A,934,HDAC2 ,51
SIN3B,195,SIN3B,239
SIN3B,551,SIN3B,572
SIN3B,617,SIN3B,622
SIN3B,797,SIN3B,804
SIN3B,826,SIN3B,837
SIN3A,552,HDAC2,220
RBBP4,156,RBBP4,215
RBBP4,160,RBBP4,215
RBBP4,215,RBBP4,156
RBBP4,215,RBBP4,160
RBBP4,26,RBBP7,65
RBBP4,26,RBBP4,22
RBBP7,163,RBBP7,203
RBBP7,203,RBBP7,258
RBBP7,211,RBBP7,258
RBBP7,258,RBBP7,203
RBBP7,263,SIN3A,1271
